,mae,var,ppmc,mae_lower,var_lower,ppmc_lower,mae_upper,var_upper,ppmc_upper
0,,,,,,,,,
1,,,,,,,,,
2,,,,,,,,,
3,,,,,,,,,
4,,,,,,,,,
5,,,,,,,,,
6,,,,,,,,,
7,,,,,,,,,
8,,,,,,,,,
9,0.013349083654464283,1.0270523377678038,0.9998577280160343,0.013349083654464283,1.0270523377678038,0.9998577280160343,0.013349083654464283,1.0270523377678038,0.9998577280160343
