,mae,var,ppmc,mae_lower,var_lower,ppmc_lower,mae_upper,var_upper,ppmc_upper
0,,,,,,,,,
1,,,,,,,,,
2,,,,,,,,,
3,,,,,,,,,
4,,,,,,,,,
5,,,,,,,,,
6,,,,,,,,,
7,,,,,,,,,
8,,,,,,,,,
9,0.0607870018172137,1.0155547887363976,0.9959945477680162,0.0607870018172137,1.0155547887363976,0.9959945477680162,0.0607870018172137,1.0155547887363976,0.9959945477680162
