,mae,var,ppmc,mae_lower,var_lower,ppmc_lower,mae_upper,var_upper,ppmc_upper
0,,,,,,,,,
1,,,,,,,,,
2,,,,,,,,,
3,,,,,,,,,
4,,,,,,,,,
5,,,,,,,,,
6,,,,,,,,,
7,,,,,,,,,
8,,,,,,,,,
9,0.051110435682812,0.999278962798732,0.9983640362308018,0.051110435682812,0.999278962798732,0.9983640362308018,0.051110435682812,0.999278962798732,0.9983640362308018
