,mae,var,ppmc,mae_lower,var_lower,ppmc_lower,mae_upper,var_upper,ppmc_upper
0,,,,,,,,,
1,,,,,,,,,
2,,,,,,,,,
3,,,,,,,,,
4,,,,,,,,,
5,,,,,,,,,
6,,,,,,,,,
7,,,,,,,,,
8,,,,,,,,,
9,0.05633038897968189,0.957343938217603,0.9985094765912467,0.05633038897968189,0.957343938217603,0.9985094765912467,0.05633038897968189,0.957343938217603,0.9985094765912467
