,mae,var,ppmc,mae_lower,var_lower,ppmc_lower,mae_upper,var_upper,ppmc_upper
0,,,,,,,,,
1,,,,,,,,,
2,,,,,,,,,
3,,,,,,,,,
4,,,,,,,,,
5,,,,,,,,,
6,,,,,,,,,
7,,,,,,,,,
8,,,,,,,,,
9,0.07380435295826193,0.8450832663307505,0.9998077309690179,0.07380435295826193,0.8450832663307505,0.9998077309690179,0.07380435295826193,0.8450832663307505,0.9998077309690179
