,mae,var,ppmc,mae_lower,var_lower,ppmc_lower,mae_upper,var_upper,ppmc_upper
0,,,,,,,,,
1,,,,,,,,,
2,,,,,,,,,
3,,,,,,,,,
4,,,,,,,,,
5,,,,,,,,,
6,,,,,,,,,
7,,,,,,,,,
8,,,,,,,,,
9,0.0699237528183716,0.8765029942185836,0.9999716539600043,0.0699237528183716,0.8765029942185836,0.9999716539600043,0.0699237528183716,0.8765029942185836,0.9999716539600043
