,mae,var,ppmc,mae_lower,var_lower,ppmc_lower,mae_upper,var_upper,ppmc_upper
0,,,,,,,,,
1,,,,,,,,,
2,,,,,,,,,
3,,,,,,,,,
4,,,,,,,,,
5,,,,,,,,,
6,,,,,,,,,
7,,,,,,,,,
8,,,,,,,,,
9,0.01637139930907492,1.031699547851682,0.9999587201846603,0.01637139930907492,1.031699547851682,0.9999587201846603,0.01637139930907492,1.031699547851682,0.9999587201846603
