,mae,var,ppmc,mae_lower,var_lower,ppmc_lower,mae_upper,var_upper,ppmc_upper
0,,,,,,,,,
1,,,,,,,,,
2,,,,,,,,,
3,,,,,,,,,
4,,,,,,,,,
5,,,,,,,,,
6,,,,,,,,,
7,,,,,,,,,
8,,,,,,,,,
9,0.016896147959731336,0.9948652369168333,0.9997577530947523,0.016896147959731336,0.9948652369168333,0.9997577530947523,0.016896147959731336,0.9948652369168333,0.9997577530947523
