,mae,var,ppmc,mae_lower,var_lower,ppmc_lower,mae_upper,var_upper,ppmc_upper
0,,,,,,,,,
1,,,,,,,,,
2,,,,,,,,,
3,,,,,,,,,
4,,,,,,,,,
5,,,,,,,,,
6,,,,,,,,,
7,,,,,,,,,
8,,,,,,,,,
9,0.05458400824597656,0.9970738578225122,0.9977922579136799,0.05458400824597656,0.9970738578225122,0.9977922579136799,0.05458400824597656,0.9970738578225122,0.9977922579136799
