,mae,var,ppmc,mae_lower,var_lower,ppmc_lower,mae_upper,var_upper,ppmc_upper
0,,,,,,,,,
1,,,,,,,,,
2,,,,,,,,,
3,,,,,,,,,
4,,,,,,,,,
5,,,,,,,,,
6,,,,,,,,,
7,,,,,,,,,
8,,,,,,,,,
9,0.05704431849537556,0.9730631042781072,0.9978301479933186,0.05704431849537556,0.9730631042781072,0.9978301479933186,0.05704431849537556,0.9730631042781072,0.9978301479933186
