,mae,var,ppmc,mae_lower,var_lower,ppmc_lower,mae_upper,var_upper,ppmc_upper
0,,,,,,,,,
1,,,,,,,,,
2,,,,,,,,,
3,,,,,,,,,
4,,,,,,,,,
5,,,,,,,,,
6,,,,,,,,,
7,,,,,,,,,
8,,,,,,,,,
9,0.0700844540011152,1.1864498736944735,0.9965405536472534,0.0700844540011152,1.1864498736944735,0.9965405536472534,0.0700844540011152,1.1864498736944735,0.9965405536472534
