,mae,var,ppmc,mae_lower,var_lower,ppmc_lower,mae_upper,var_upper,ppmc_upper
0,,,,,,,,,
1,,,,,,,,,
2,,,,,,,,,
3,,,,,,,,,
4,,,,,,,,,
5,,,,,,,,,
6,,,,,,,,,
7,,,,,,,,,
8,,,,,,,,,
9,0.013496622700583348,0.9986193330825412,0.9997532344869658,0.013496622700583348,0.9986193330825412,0.9997532344869658,0.013496622700583348,0.9986193330825412,0.9997532344869658
