,mae,var,ppmc,mae_lower,var_lower,ppmc_lower,mae_upper,var_upper,ppmc_upper
0,,,,,,,,,
1,,,,,,,,,
2,,,,,,,,,
3,,,,,,,,,
4,,,,,,,,,
5,,,,,,,,,
6,,,,,,,,,
7,,,,,,,,,
8,,,,,,,,,
9,0.04025174958995433,0.9247298926575778,0.9998900171464348,0.04025174958995433,0.9247298926575778,0.9998900171464348,0.04025174958995433,0.9247298926575778,0.9998900171464348
