,mae,var,ppmc,mae_lower,var_lower,ppmc_lower,mae_upper,var_upper,ppmc_upper
0,,,,,,,,,
1,,,,,,,,,
2,,,,,,,,,
3,,,,,,,,,
4,,,,,,,,,
5,,,,,,,,,
6,,,,,,,,,
7,,,,,,,,,
8,,,,,,,,,
9,0.04531600312179271,0.9053404023332319,0.999824567214915,0.04531600312179271,0.9053404023332319,0.999824567214915,0.04531600312179271,0.9053404023332319,0.999824567214915
