,mae,var,ppmc,mae_lower,var_lower,ppmc_lower,mae_upper,var_upper,ppmc_upper
0,,,,,,,,,
1,,,,,,,,,
2,,,,,,,,,
3,,,,,,,,,
4,,,,,,,,,
5,,,,,,,,,
6,,,,,,,,,
7,,,,,,,,,
8,,,,,,,,,
9,0.01659120856561298,1.014226234191423,0.9998286992937082,0.01659120856561298,1.014226234191423,0.9998286992937082,0.01659120856561298,1.014226234191423,0.9998286992937082
