,mae,var,ppmc,mae_lower,var_lower,ppmc_lower,mae_upper,var_upper,ppmc_upper
0,,,,,,,,,
1,,,,,,,,,
2,,,,,,,,,
3,,,,,,,,,
4,,,,,,,,,
5,,,,,,,,,
6,,,,,,,,,
7,,,,,,,,,
8,,,,,,,,,
9,0.014803082591051765,0.9759841358029631,0.9997985643706419,0.014803082591051765,0.9759841358029631,0.9997985643706419,0.014803082591051765,0.9759841358029631,0.9997985643706419
