,mae,var,ppmc,mae_lower,var_lower,ppmc_lower,mae_upper,var_upper,ppmc_upper
0,,,,,,,,,
1,,,,,,,,,
2,,,,,,,,,
3,,,,,,,,,
4,,,,,,,,,
5,,,,,,,,,
6,,,,,,,,,
7,,,,,,,,,
8,,,,,,,,,
9,0.07039637677402022,0.8747969911046544,0.99779225791368,0.07039637677402022,0.8747969911046544,0.99779225791368,0.07039637677402022,0.8747969911046544,0.99779225791368
