,mae,var,ppmc,mae_lower,var_lower,ppmc_lower,mae_upper,var_upper,ppmc_upper
0,,,,,,,,,
1,,,,,,,,,
2,,,,,,,,,
3,,,,,,,,,
4,,,,,,,,,
5,,,,,,,,,
6,,,,,,,,,
7,,,,,,,,,
8,,,,,,,,,
9,0.08073063241741779,0.8306258839549991,0.9957698539501807,0.08073063241741779,0.8306258839549991,0.9957698539501807,0.08073063241741779,0.8306258839549991,0.9957698539501807
