,mae,var,ppmc,mae_lower,var_lower,ppmc_lower,mae_upper,var_upper,ppmc_upper
0,,,,,,,,,
1,,,,,,,,,
2,,,,,,,,,
3,,,,,,,,,
4,,,,,,,,,
5,,,,,,,,,
6,,,,,,,,,
7,,,,,,,,,
8,,,,,,,,,
9,0.04809564344347046,1.105416006634898,0.9999587201846604,0.04809564344347046,1.105416006634898,0.9999587201846604,0.04809564344347046,1.105416006634898,0.9999587201846604
