,mae,var,ppmc,mae_lower,var_lower,ppmc_lower,mae_upper,var_upper,ppmc_upper
0,,,,,,,,,
1,,,,,,,,,
2,,,,,,,,,
3,,,,,,,,,
4,,,,,,,,,
5,,,,,,,,,
6,,,,,,,,,
7,,,,,,,,,
8,,,,,,,,,
9,0.014912954703752992,1.0059104214927461,0.9999434005575442,0.014912954703752992,1.0059104214927461,0.9999434005575442,0.014912954703752992,1.0059104214927461,0.9999434005575442
