,mae,var,ppmc,mae_lower,var_lower,ppmc_lower,mae_upper,var_upper,ppmc_upper
0,,,,,,,,,
1,,,,,,,,,
2,,,,,,,,,
3,,,,,,,,,
4,,,,,,,,,
5,,,,,,,,,
6,,,,,,,,,
7,,,,,,,,,
8,,,,,,,,,
9,0.014437895010957665,0.9701520528829397,0.999757022292897,0.014437895010957665,0.9701520528829397,0.999757022292897,0.014437895010957665,0.9701520528829397,0.999757022292897
