,mae,var,ppmc,mae_lower,var_lower,ppmc_lower,mae_upper,var_upper,ppmc_upper
0,,,,,,,,,
1,,,,,,,,,
2,,,,,,,,,
3,,,,,,,,,
4,,,,,,,,,
5,,,,,,,,,
6,,,,,,,,,
7,,,,,,,,,
8,,,,,,,,,
9,0.013255443251898244,1.003057733473887,0.9998885706887268,0.013255443251898244,1.003057733473887,0.9998885706887268,0.013255443251898244,1.003057733473887,0.9998885706887268
