,mae,var,ppmc,mae_lower,var_lower,ppmc_lower,mae_upper,var_upper,ppmc_upper
0,,,,,,,,,
1,,,,,,,,,
2,,,,,,,,,
3,,,,,,,,,
4,,,,,,,,,
5,,,,,,,,,
6,,,,,,,,,
7,,,,,,,,,
8,,,,,,,,,
9,0.14875513599107276,0.7071096369771832,0.9991983087369971,0.14875513599107276,0.7071096369771832,0.9991983087369971,0.14875513599107276,0.7071096369771832,0.9991983087369971
