,mae,var,ppmc,mae_lower,var_lower,ppmc_lower,mae_upper,var_upper,ppmc_upper
0,,,,,,,,,
1,,,,,,,,,
2,,,,,,,,,
3,,,,,,,,,
4,,,,,,,,,
5,,,,,,,,,
6,,,,,,,,,
7,,,,,,,,,
8,,,,,,,,,
9,0.013331204898141092,1.012174071945804,0.999805107400793,0.013331204898141092,1.012174071945804,0.999805107400793,0.013331204898141092,1.012174071945804,0.999805107400793
