,mae,var,ppmc,mae_lower,var_lower,ppmc_lower,mae_upper,var_upper,ppmc_upper
0,,,,,,,,,
1,,,,,,,,,
2,,,,,,,,,
3,,,,,,,,,
4,,,,,,,,,
5,,,,,,,,,
6,,,,,,,,,
7,,,,,,,,,
8,,,,,,,,,
9,0.011820515346547916,1.0105974494450618,0.9998907221712832,0.011820515346547916,1.0105974494450618,0.9998907221712832,0.011820515346547916,1.0105974494450618,0.9998907221712832
