,mae,var,ppmc,mae_lower,var_lower,ppmc_lower,mae_upper,var_upper,ppmc_upper
0,,,,,,,,,
1,,,,,,,,,
2,,,,,,,,,
3,,,,,,,,,
4,,,,,,,,,
5,,,,,,,,,
6,,,,,,,,,
7,,,,,,,,,
8,,,,,,,,,
9,0.05351111204536951,0.8962710952954306,0.9986506865706952,0.05351111204536951,0.8962710952954306,0.9986506865706952,0.05351111204536951,0.8962710952954306,0.9986506865706952
