,mae,var,ppmc,mae_lower,var_lower,ppmc_lower,mae_upper,var_upper,ppmc_upper
0,,,,,,,,,
1,,,,,,,,,
2,,,,,,,,,
3,,,,,,,,,
4,,,,,,,,,
5,,,,,,,,,
6,,,,,,,,,
7,,,,,,,,,
8,,,,,,,,,
9,0.04915393311394485,0.9768885767994402,0.9985751861942629,0.04915393311394485,0.9768885767994402,0.9985751861942629,0.04915393311394485,0.9768885767994402,0.9985751861942629
