,mae,var,ppmc,mae_lower,var_lower,ppmc_lower,mae_upper,var_upper,ppmc_upper
0,,,,,,,,,
1,,,,,,,,,
2,,,,,,,,,
3,,,,,,,,,
4,,,,,,,,,
5,,,,,,,,,
6,,,,,,,,,
7,,,,,,,,,
8,,,,,,,,,
9,0.07173473686426948,1.0876425711768016,0.9959602853881491,0.07173473686426948,1.0876425711768016,0.9959602853881491,0.07173473686426948,1.0876425711768016,0.9959602853881491
