,mae,var,ppmc,mae_lower,var_lower,ppmc_lower,mae_upper,var_upper,ppmc_upper
0,,,,,,,,,
1,,,,,,,,,
2,,,,,,,,,
3,,,,,,,,,
4,,,,,,,,,
5,,,,,,,,,
6,,,,,,,,,
7,,,,,,,,,
8,,,,,,,,,
9,0.07653238986657947,1.1545746550388534,0.9974688436249491,0.07653238986657947,1.1545746550388534,0.9974688436249491,0.07653238986657947,1.1545746550388534,0.9974688436249491
