,mae,var,ppmc,mae_lower,var_lower,ppmc_lower,mae_upper,var_upper,ppmc_upper
0,,,,,,,,,
1,,,,,,,,,
2,,,,,,,,,
3,,,,,,,,,
4,,,,,,,,,
5,,,,,,,,,
6,,,,,,,,,
7,,,,,,,,,
8,,,,,,,,,
9,0.02068277960771122,1.042029686232754,0.9997133684675462,0.02068277960771122,1.042029686232754,0.9997133684675462,0.02068277960771122,1.042029686232754,0.9997133684675462
