,mae,var,ppmc,mae_lower,var_lower,ppmc_lower,mae_upper,var_upper,ppmc_upper
0,,,,,,,,,
1,,,,,,,,,
2,,,,,,,,,
3,,,,,,,,,
4,,,,,,,,,
5,,,,,,,,,
6,,,,,,,,,
7,,,,,,,,,
8,,,,,,,,,
9,0.16903594267038077,1.312226119111609,0.9978301479933186,0.16903594267038077,1.312226119111609,0.9978301479933186,0.16903594267038077,1.312226119111609,0.9978301479933186
