,mae,var,ppmc,mae_lower,var_lower,ppmc_lower,mae_upper,var_upper,ppmc_upper
0,,,,,,,,,
1,,,,,,,,,
2,,,,,,,,,
3,,,,,,,,,
4,,,,,,,,,
5,,,,,,,,,
6,,,,,,,,,
7,,,,,,,,,
8,,,,,,,,,
9,0.17031115366900829,1.3446058669429626,0.9977922579136798,0.17031115366900829,1.3446058669429626,0.9977922579136798,0.17031115366900829,1.3446058669429626,0.9977922579136798
