,mae,var,ppmc,mae_lower,var_lower,ppmc_lower,mae_upper,var_upper,ppmc_upper
0,,,,,,,,,
1,,,,,,,,,
2,,,,,,,,,
3,,,,,,,,,
4,,,,,,,,,
5,,,,,,,,,
6,,,,,,,,,
7,,,,,,,,,
8,,,,,,,,,
9,0.17343082744325472,1.3747073285166187,0.9959602853881488,0.17343082744325472,1.3747073285166187,0.9959602853881488,0.17343082744325472,1.3747073285166187,0.9959602853881488
