,mae,var,ppmc,mae_lower,var_lower,ppmc_lower,mae_upper,var_upper,ppmc_upper
0,,,,,,,,,
1,,,,,,,,,
2,,,,,,,,,
3,,,,,,,,,
4,,,,,,,,,
5,,,,,,,,,
6,,,,,,,,,
7,,,,,,,,,
8,,,,,,,,,
9,0.16698621286764734,1.3462727079878396,0.9985751861942629,0.16698621286764734,1.3462727079878396,0.9985751861942629,0.16698621286764734,1.3462727079878396,0.9985751861942629
