,mae,var,ppmc,mae_lower,var_lower,ppmc_lower,mae_upper,var_upper,ppmc_upper
0,,,,,,,,,
1,,,,,,,,,
2,,,,,,,,,
3,,,,,,,,,
4,,,,,,,,,
5,,,,,,,,,
6,,,,,,,,,
7,,,,,,,,,
8,,,,,,,,,
9,0.3216459192109385,1.4977493014058698,0.9987947297349948,0.3216459192109385,1.4977493014058698,0.9987947297349948,0.3216459192109385,1.4977493014058698,0.9987947297349948
