,mae,var,ppmc,mae_lower,var_lower,ppmc_lower,mae_upper,var_upper,ppmc_upper
0,,,,,,,,,
1,,,,,,,,,
2,,,,,,,,,
3,,,,,,,,,
4,,,,,,,,,
5,,,,,,,,,
6,,,,,,,,,
7,,,,,,,,,
8,,,,,,,,,
9,0.31331825681866216,1.6897306256080566,0.994937638267236,0.31331825681866216,1.6897306256080566,0.994937638267236,0.31331825681866216,1.6897306256080566,0.994937638267236
