,mae,var,ppmc,mae_lower,var_lower,ppmc_lower,mae_upper,var_upper,ppmc_upper
0,,,,,,,,,
1,,,,,,,,,
2,,,,,,,,,
3,,,,,,,,,
4,,,,,,,,,
5,,,,,,,,,
6,,,,,,,,,
7,,,,,,,,,
8,,,,,,,,,
9,0.3201188381787275,1.653760164013316,0.9987308448587428,0.3201188381787275,1.653760164013316,0.9987308448587428,0.3201188381787275,1.653760164013316,0.9987308448587428
