,mae,var,ppmc,mae_lower,var_lower,ppmc_lower,mae_upper,var_upper,ppmc_upper
0,,,,,,,,,
1,,,,,,,,,
2,,,,,,,,,
3,,,,,,,,,
4,,,,,,,,,
5,,,,,,,,,
6,,,,,,,,,
7,,,,,,,,,
8,,,,,,,,,
9,0.3132430130247489,2.0416893048615385,0.9968751873360594,0.3132430130247489,2.0416893048615385,0.9968751873360594,0.3132430130247489,2.0416893048615385,0.9968751873360594
