,mae,var,ppmc,mae_lower,var_lower,ppmc_lower,mae_upper,var_upper,ppmc_upper
0,,,,,,,,,
1,,,,,,,,,
2,,,,,,,,,
3,,,,,,,,,
4,,,,,,,,,
5,,,,,,,,,
6,,,,,,,,,
7,,,,,,,,,
8,,,,,,,,,
9,0.06206751632871092,1.036138923724104,0.9974688436249491,0.06206751632871092,1.036138923724104,0.9974688436249491,0.06206751632871092,1.036138923724104,0.9974688436249491
