,mae,var,ppmc,mae_lower,var_lower,ppmc_lower,mae_upper,var_upper,ppmc_upper
0,,,,,,,,,
1,,,,,,,,,
2,,,,,,,,,
3,,,,,,,,,
4,,,,,,,,,
5,,,,,,,,,
6,,,,,,,,,
7,,,,,,,,,
8,,,,,,,,,
9,0.05004378424252924,0.9558834904921707,0.9985751861942629,0.05004378424252924,0.9558834904921707,0.9985751861942629,0.05004378424252924,0.9558834904921707,0.9985751861942629
