,mae,var,ppmc,mae_lower,var_lower,ppmc_lower,mae_upper,var_upper,ppmc_upper
0,,,,,,,,,
1,,,,,,,,,
2,,,,,,,,,
3,,,,,,,,,
4,,,,,,,,,
5,,,,,,,,,
6,,,,,,,,,
7,,,,,,,,,
8,,,,,,,,,
9,0.057024629520388795,0.9546999963704975,0.9977922579136799,0.057024629520388795,0.9546999963704975,0.9977922579136799,0.057024629520388795,0.9546999963704975,0.9977922579136799
