,mae,var,ppmc,mae_lower,var_lower,ppmc_lower,mae_upper,var_upper,ppmc_upper
0,,,,,,,,,
1,,,,,,,,,
2,,,,,,,,,
3,,,,,,,,,
4,,,,,,,,,
5,,,,,,,,,
6,,,,,,,,,
7,,,,,,,,,
8,,,,,,,,,
9,0.050903355634883914,0.978653700405278,0.9982166658969834,0.050903355634883914,0.978653700405278,0.9982166658969834,0.050903355634883914,0.978653700405278,0.9982166658969834
