,mae,var,ppmc,mae_lower,var_lower,ppmc_lower,mae_upper,var_upper,ppmc_upper
0,,,,,,,,,
1,,,,,,,,,
2,,,,,,,,,
3,,,,,,,,,
4,,,,,,,,,
5,,,,,,,,,
6,,,,,,,,,
7,,,,,,,,,
8,,,,,,,,,
9,0.01691572559995637,0.968586061401884,0.9996739255989026,0.01691572559995637,0.968586061401884,0.9996739255989026,0.01691572559995637,0.968586061401884,0.9996739255989026
