,mae,var,ppmc,mae_lower,var_lower,ppmc_lower,mae_upper,var_upper,ppmc_upper
0,,,,,,,,,
1,,,,,,,,,
2,,,,,,,,,
3,,,,,,,,,
4,,,,,,,,,
5,,,,,,,,,
6,,,,,,,,,
7,,,,,,,,,
8,,,,,,,,,
9,0.017705792770258414,0.9715082324212264,0.9999402550396425,0.017705792770258414,0.9715082324212264,0.9999402550396425,0.017705792770258414,0.9715082324212264,0.9999402550396425
