,mae,var,ppmc,mae_lower,var_lower,ppmc_lower,mae_upper,var_upper,ppmc_upper
0,,,,,,,,,
1,,,,,,,,,
2,,,,,,,,,
3,,,,,,,,,
4,,,,,,,,,
5,,,,,,,,,
6,,,,,,,,,
7,,,,,,,,,
8,,,,,,,,,
9,0.060199145316086236,0.9056029793730236,0.9969882339249759,0.060199145316086236,0.9056029793730236,0.9969882339249759,0.060199145316086236,0.9056029793730236,0.9969882339249759
