,mae,var,ppmc,mae_lower,var_lower,ppmc_lower,mae_upper,var_upper,ppmc_upper
0,,,,,,,,,
1,,,,,,,,,
2,,,,,,,,,
3,,,,,,,,,
4,,,,,,,,,
5,,,,,,,,,
6,,,,,,,,,
7,,,,,,,,,
8,,,,,,,,,
9,0.06107736169010017,0.944172137609901,0.9985483586461305,0.06107736169010017,0.944172137609901,0.9985483586461305,0.06107736169010017,0.944172137609901,0.9985483586461305
