,mae,var,ppmc,mae_lower,var_lower,ppmc_lower,mae_upper,var_upper,ppmc_upper
0,,,,,,,,,
1,,,,,,,,,
2,,,,,,,,,
3,,,,,,,,,
4,,,,,,,,,
5,,,,,,,,,
6,,,,,,,,,
7,,,,,,,,,
8,,,,,,,,,
9,0.06648439706037185,1.0197516634524277,0.9980719017589371,0.06648439706037185,1.0197516634524277,0.9980719017589371,0.06648439706037185,1.0197516634524277,0.9980719017589371
