,mae,var,ppmc,mae_lower,var_lower,ppmc_lower,mae_upper,var_upper,ppmc_upper
0,,,,,,,,,
1,,,,,,,,,
2,,,,,,,,,
3,,,,,,,,,
4,,,,,,,,,
5,,,,,,,,,
6,,,,,,,,,
7,,,,,,,,,
8,,,,,,,,,
9,0.015159025163882582,0.9794667298886005,0.9998666016092197,0.015159025163882582,0.9794667298886005,0.9998666016092197,0.015159025163882582,0.9794667298886005,0.9998666016092197
