,mae,var,ppmc,mae_lower,var_lower,ppmc_lower,mae_upper,var_upper,ppmc_upper
0,,,,,,,,,
1,,,,,,,,,
2,,,,,,,,,
3,,,,,,,,,
4,,,,,,,,,
5,,,,,,,,,
6,,,,,,,,,
7,,,,,,,,,
8,,,,,,,,,
9,0.0540666997165245,1.018891727707546,0.9977922579136799,0.0540666997165245,1.018891727707546,0.9977922579136799,0.0540666997165245,1.018891727707546,0.9977922579136799
