,mae,var,ppmc,mae_lower,var_lower,ppmc_lower,mae_upper,var_upper,ppmc_upper
0,,,,,,,,,
1,,,,,,,,,
2,,,,,,,,,
3,,,,,,,,,
4,,,,,,,,,
5,,,,,,,,,
6,,,,,,,,,
7,,,,,,,,,
8,,,,,,,,,
9,0.06512219150104015,0.9674448478758759,0.9957698539501809,0.06512219150104015,0.9674448478758759,0.9957698539501809,0.06512219150104015,0.9674448478758759,0.9957698539501809
