,mae,var,ppmc,mae_lower,var_lower,ppmc_lower,mae_upper,var_upper,ppmc_upper
0,,,,,,,,,
1,,,,,,,,,
2,,,,,,,,,
3,,,,,,,,,
4,,,,,,,,,
5,,,,,,,,,
6,,,,,,,,,
7,,,,,,,,,
8,,,,,,,,,
9,0.0580408169251741,1.0875500245923344,0.996540553647253,0.0580408169251741,1.0875500245923344,0.996540553647253,0.0580408169251741,1.0875500245923344,0.996540553647253
