,mae,var,ppmc,mae_lower,var_lower,ppmc_lower,mae_upper,var_upper,ppmc_upper
0,,,,,,,,,
1,,,,,,,,,
2,,,,,,,,,
3,,,,,,,,,
4,,,,,,,,,
5,,,,,,,,,
6,,,,,,,,,
7,,,,,,,,,
8,,,,,,,,,
9,0.011392786508686095,0.9965550120943614,0.9999587201846605,0.011392786508686095,0.9965550120943614,0.9999587201846605,0.011392786508686095,0.9965550120943614,0.9999587201846605
