,mae,var,ppmc,mae_lower,var_lower,ppmc_lower,mae_upper,var_upper,ppmc_upper
0,,,,,,,,,
1,,,,,,,,,
2,,,,,,,,,
3,,,,,,,,,
4,,,,,,,,,
5,,,,,,,,,
6,,,,,,,,,
7,,,,,,,,,
8,,,,,,,,,
9,0.15512635662605642,0.7007705429609392,0.9977922579136799,0.15512635662605642,0.7007705429609392,0.9977922579136799,0.15512635662605642,0.7007705429609392,0.9977922579136799
