,mae,var,ppmc,mae_lower,var_lower,ppmc_lower,mae_upper,var_upper,ppmc_upper
0,,,,,,,,,
1,,,,,,,,,
2,,,,,,,,,
3,,,,,,,,,
4,,,,,,,,,
5,,,,,,,,,
6,,,,,,,,,
7,,,,,,,,,
8,,,,,,,,,
9,0.15753025595328699,0.7016392533635673,0.9985751861942627,0.15753025595328699,0.7016392533635673,0.9985751861942627,0.15753025595328699,0.7016392533635673,0.9985751861942627
