,mae,var,ppmc,mae_lower,var_lower,ppmc_lower,mae_upper,var_upper,ppmc_upper
0,,,,,,,,,
1,,,,,,,,,
2,,,,,,,,,
3,,,,,,,,,
4,,,,,,,,,
5,,,,,,,,,
6,,,,,,,,,
7,,,,,,,,,
8,,,,,,,,,
9,0.017816774211210095,1.0362645498305076,0.9999283866516552,0.017816774211210095,1.0362645498305076,0.9999283866516552,0.017816774211210095,1.0362645498305076,0.9999283866516552
