,mae,var,ppmc,mae_lower,var_lower,ppmc_lower,mae_upper,var_upper,ppmc_upper
0,,,,,,,,,
1,,,,,,,,,
2,,,,,,,,,
3,,,,,,,,,
4,,,,,,,,,
5,,,,,,,,,
6,,,,,,,,,
7,,,,,,,,,
8,,,,,,,,,
9,0.015882711381726883,1.0309375242086192,0.9999369765776308,0.015882711381726883,1.0309375242086192,0.9999369765776308,0.015882711381726883,1.0309375242086192,0.9999369765776308
