,mae,var,ppmc,mae_lower,var_lower,ppmc_lower,mae_upper,var_upper,ppmc_upper
0,,,,,,,,,
1,,,,,,,,,
2,,,,,,,,,
3,,,,,,,,,
4,,,,,,,,,
5,,,,,,,,,
6,,,,,,,,,
7,,,,,,,,,
8,,,,,,,,,
9,0.015069351487627865,1.0196110589757277,0.9999193115808063,0.015069351487627865,1.0196110589757277,0.9999193115808063,0.015069351487627865,1.0196110589757277,0.9999193115808063
