,mae,var,ppmc,mae_lower,var_lower,ppmc_lower,mae_upper,var_upper,ppmc_upper
0,,,,,,,,,
1,,,,,,,,,
2,,,,,,,,,
3,,,,,,,,,
4,,,,,,,,,
5,,,,,,,,,
6,,,,,,,,,
7,,,,,,,,,
8,,,,,,,,,
9,0.016992010097924545,1.0186540393886918,0.9999126491261568,0.016992010097924545,1.0186540393886918,0.9999126491261568,0.016992010097924545,1.0186540393886918,0.9999126491261568
