,mae,var,ppmc,mae_lower,var_lower,ppmc_lower,mae_upper,var_upper,ppmc_upper
0,,,,,,,,,
1,,,,,,,,,
2,,,,,,,,,
3,,,,,,,,,
4,,,,,,,,,
5,,,,,,,,,
6,,,,,,,,,
7,,,,,,,,,
8,,,,,,,,,
9,0.05187254339219776,0.9879084991564262,0.9985185668315005,0.05187254339219776,0.9879084991564262,0.9985185668315005,0.05187254339219776,0.9879084991564262,0.9985185668315005
