,mae,var,ppmc,mae_lower,var_lower,ppmc_lower,mae_upper,var_upper,ppmc_upper
0,,,,,,,,,
1,,,,,,,,,
2,,,,,,,,,
3,,,,,,,,,
4,,,,,,,,,
5,,,,,,,,,
6,,,,,,,,,
7,,,,,,,,,
8,,,,,,,,,
9,0.05348304577009408,1.0479996107787322,0.9971322258888131,0.05348304577009408,1.0479996107787322,0.9971322258888131,0.05348304577009408,1.0479996107787322,0.9971322258888131
