,mae,var,ppmc,mae_lower,var_lower,ppmc_lower,mae_upper,var_upper,ppmc_upper
0,,,,,,,,,
1,,,,,,,,,
2,,,,,,,,,
3,,,,,,,,,
4,,,,,,,,,
5,,,,,,,,,
6,,,,,,,,,
7,,,,,,,,,
8,,,,,,,,,
9,0.057677681618224216,0.8531531261394095,0.999315669517198,0.057677681618224216,0.8531531261394095,0.999315669517198,0.057677681618224216,0.8531531261394095,0.999315669517198
