,mae,var,ppmc,mae_lower,var_lower,ppmc_lower,mae_upper,var_upper,ppmc_upper
0,,,,,,,,,
1,,,,,,,,,
2,,,,,,,,,
3,,,,,,,,,
4,,,,,,,,,
5,,,,,,,,,
6,,,,,,,,,
7,,,,,,,,,
8,,,,,,,,,
9,0.06807846463181445,0.9380237151859374,0.9958893873643618,0.06807846463181445,0.9380237151859374,0.9958893873643618,0.06807846463181445,0.9380237151859374,0.9958893873643618
