,mae,var,ppmc,mae_lower,var_lower,ppmc_lower,mae_upper,var_upper,ppmc_upper
0,,,,,,,,,
1,,,,,,,,,
2,,,,,,,,,
3,,,,,,,,,
4,,,,,,,,,
5,,,,,,,,,
6,,,,,,,,,
7,,,,,,,,,
8,,,,,,,,,
9,0.06690019803328882,0.9479313260275807,0.9989394787557611,0.06690019803328882,0.9479313260275807,0.9989394787557611,0.06690019803328882,0.9479313260275807,0.9989394787557611
