,mae,var,ppmc,mae_lower,var_lower,ppmc_lower,mae_upper,var_upper,ppmc_upper
0,,,,,,,,,
1,,,,,,,,,
2,,,,,,,,,
3,,,,,,,,,
4,,,,,,,,,
5,,,,,,,,,
6,,,,,,,,,
7,,,,,,,,,
8,,,,,,,,,
9,0.05679821525843823,0.8731438266458601,0.9978182224569637,0.05679821525843823,0.8731438266458601,0.9978182224569637,0.05679821525843823,0.8731438266458601,0.9978182224569637
