,mae,var,ppmc,mae_lower,var_lower,ppmc_lower,mae_upper,var_upper,ppmc_upper
0,,,,,,,,,
1,,,,,,,,,
2,,,,,,,,,
3,,,,,,,,,
4,,,,,,,,,
5,,,,,,,,,
6,,,,,,,,,
7,,,,,,,,,
8,,,,,,,,,
9,0.05346537713548697,0.9636159272406774,0.9975621992964361,0.05346537713548697,0.9636159272406774,0.9975621992964361,0.05346537713548697,0.9636159272406774,0.9975621992964361
