,mae,var,ppmc,mae_lower,var_lower,ppmc_lower,mae_upper,var_upper,ppmc_upper
0,,,,,,,,,
1,,,,,,,,,
2,,,,,,,,,
3,,,,,,,,,
4,,,,,,,,,
5,,,,,,,,,
6,,,,,,,,,
7,,,,,,,,,
8,,,,,,,,,
9,0.0678439069725795,0.9689004899413118,0.9965379854763223,0.0678439069725795,0.9689004899413118,0.9965379854763223,0.0678439069725795,0.9689004899413118,0.9965379854763223
