,mae,var,ppmc,mae_lower,var_lower,ppmc_lower,mae_upper,var_upper,ppmc_upper
0,,,,,,,,,
1,,,,,,,,,
2,,,,,,,,,
3,,,,,,,,,
4,,,,,,,,,
5,,,,,,,,,
6,,,,,,,,,
7,,,,,,,,,
8,,,,,,,,,
9,0.07873552253407341,1.0722863862539769,0.9975447617749921,0.07873552253407341,1.0722863862539769,0.9975447617749921,0.07873552253407341,1.0722863862539769,0.9975447617749921
