,mae,var,ppmc,mae_lower,var_lower,ppmc_lower,mae_upper,var_upper,ppmc_upper
0,,,,,,,,,
1,,,,,,,,,
2,,,,,,,,,
3,,,,,,,,,
4,,,,,,,,,
5,,,,,,,,,
6,,,,,,,,,
7,,,,,,,,,
8,,,,,,,,,
9,0.23864158985248396,0.6628927248164793,0.9963443870934954,0.23864158985248396,0.6628927248164793,0.9963443870934954,0.23864158985248396,0.6628927248164793,0.9963443870934954
