,mae,var,ppmc,mae_lower,var_lower,ppmc_lower,mae_upper,var_upper,ppmc_upper
0,,,,,,,,,
1,,,,,,,,,
2,,,,,,,,,
3,,,,,,,,,
4,,,,,,,,,
5,,,,,,,,,
6,,,,,,,,,
7,,,,,,,,,
8,,,,,,,,,
9,0.013916235578769823,0.995069633048834,0.9999031030126179,0.013916235578769823,0.995069633048834,0.9999031030126179,0.013916235578769823,0.995069633048834,0.9999031030126179
