,mae,var,ppmc,mae_lower,var_lower,ppmc_lower,mae_upper,var_upper,ppmc_upper
0,,,,,,,,,
1,,,,,,,,,
2,,,,,,,,,
3,,,,,,,,,
4,,,,,,,,,
5,,,,,,,,,
6,,,,,,,,,
7,,,,,,,,,
8,,,,,,,,,
9,0.01336354497358071,0.9940784555189129,0.9999600445460874,0.01336354497358071,0.9940784555189129,0.9999600445460874,0.01336354497358071,0.9940784555189129,0.9999600445460874
