,mae,var,ppmc,mae_lower,var_lower,ppmc_lower,mae_upper,var_upper,ppmc_upper
0,,,,,,,,,
1,,,,,,,,,
2,,,,,,,,,
3,,,,,,,,,
4,,,,,,,,,
5,,,,,,,,,
6,,,,,,,,,
7,,,,,,,,,
8,,,,,,,,,
9,0.02060709992395988,0.9622078146562665,0.9998640970747599,0.02060709992395988,0.9622078146562665,0.9998640970747599,0.02060709992395988,0.9622078146562665,0.9998640970747599
