,mae,var,ppmc,mae_lower,var_lower,ppmc_lower,mae_upper,var_upper,ppmc_upper
0,,,,,,,,,
1,,,,,,,,,
2,,,,,,,,,
3,,,,,,,,,
4,,,,,,,,,
5,,,,,,,,,
6,,,,,,,,,
7,,,,,,,,,
8,,,,,,,,,
9,0.012297393710281403,0.9968918461226076,0.9999509216637039,0.012297393710281403,0.9968918461226076,0.9999509216637039,0.012297393710281403,0.9968918461226076,0.9999509216637039
