,mae,var,ppmc,mae_lower,var_lower,ppmc_lower,mae_upper,var_upper,ppmc_upper
0,,,,,,,,,
1,,,,,,,,,
2,,,,,,,,,
3,,,,,,,,,
4,,,,,,,,,
5,,,,,,,,,
6,,,,,,,,,
7,,,,,,,,,
8,,,,,,,,,
9,0.00978642967576561,1.0046408808755978,0.9999461544140189,0.00978642967576561,1.0046408808755978,0.9999461544140189,0.00978642967576561,1.0046408808755978,0.9999461544140189
