,mae,var,ppmc,mae_lower,var_lower,ppmc_lower,mae_upper,var_upper,ppmc_upper
0,,,,,,,,,
1,,,,,,,,,
2,,,,,,,,,
3,,,,,,,,,
4,,,,,,,,,
5,,,,,,,,,
6,,,,,,,,,
7,,,,,,,,,
8,,,,,,,,,
9,0.06346300444606194,0.9165826282020383,0.9967006468557156,0.06346300444606194,0.9165826282020383,0.9967006468557156,0.06346300444606194,0.9165826282020383,0.9967006468557156
