,mae,var,ppmc,mae_lower,var_lower,ppmc_lower,mae_upper,var_upper,ppmc_upper
0,,,,,,,,,
1,,,,,,,,,
2,,,,,,,,,
3,,,,,,,,,
4,,,,,,,,,
5,,,,,,,,,
6,,,,,,,,,
7,,,,,,,,,
8,,,,,,,,,
9,0.06131747588698779,0.9886990496676857,0.9963737672088447,0.06131747588698779,0.9886990496676857,0.9963737672088447,0.06131747588698779,0.9886990496676857,0.9963737672088447
