,mae,var,ppmc,mae_lower,var_lower,ppmc_lower,mae_upper,var_upper,ppmc_upper
0,,,,,,,,,
1,,,,,,,,,
2,,,,,,,,,
3,,,,,,,,,
4,,,,,,,,,
5,,,,,,,,,
6,,,,,,,,,
7,,,,,,,,,
8,,,,,,,,,
9,0.061865961104251514,1.0273500895912315,0.9985569932104735,0.061865961104251514,1.0273500895912315,0.9985569932104735,0.061865961104251514,1.0273500895912315,0.9985569932104735
