,mae,var,ppmc,mae_lower,var_lower,ppmc_lower,mae_upper,var_upper,ppmc_upper
0,,,,,,,,,
1,,,,,,,,,
2,,,,,,,,,
3,,,,,,,,,
4,,,,,,,,,
5,,,,,,,,,
6,,,,,,,,,
7,,,,,,,,,
8,,,,,,,,,
9,0.0694866994963903,1.219819718546234,0.9984460286687953,0.0694866994963903,1.219819718546234,0.9984460286687953,0.0694866994963903,1.219819718546234,0.9984460286687953
