,mae,var,ppmc,mae_lower,var_lower,ppmc_lower,mae_upper,var_upper,ppmc_upper
0,,,,,,,,,
1,,,,,,,,,
2,,,,,,,,,
3,,,,,,,,,
4,,,,,,,,,
5,,,,,,,,,
6,,,,,,,,,
7,,,,,,,,,
8,,,,,,,,,
9,0.07164891103511574,1.1491324815150699,0.9990230853533715,0.07164891103511574,1.1491324815150699,0.9990230853533715,0.07164891103511574,1.1491324815150699,0.9990230853533715
