,mae,var,ppmc,mae_lower,var_lower,ppmc_lower,mae_upper,var_upper,ppmc_upper
0,,,,,,,,,
1,,,,,,,,,
2,,,,,,,,,
3,,,,,,,,,
4,,,,,,,,,
5,,,,,,,,,
6,,,,,,,,,
7,,,,,,,,,
8,,,,,,,,,
9,0.06782037121914807,0.9533917148251392,0.994928498096413,0.06782037121914807,0.9533917148251392,0.994928498096413,0.06782037121914807,0.9533917148251392,0.994928498096413
