,mae,var,ppmc,mae_lower,var_lower,ppmc_lower,mae_upper,var_upper,ppmc_upper
0,,,,,,,,,
1,,,,,,,,,
2,,,,,,,,,
3,,,,,,,,,
4,,,,,,,,,
5,,,,,,,,,
6,,,,,,,,,
7,,,,,,,,,
8,,,,,,,,,
9,0.0640175145316276,0.9073338391608249,0.9992939951061806,0.0640175145316276,0.9073338391608249,0.9992939951061806,0.0640175145316276,0.9073338391608249,0.9992939951061806
