,mae,var,ppmc,mae_lower,var_lower,ppmc_lower,mae_upper,var_upper,ppmc_upper
0,,,,,,,,,
1,,,,,,,,,
2,,,,,,,,,
3,,,,,,,,,
4,,,,,,,,,
5,,,,,,,,,
6,,,,,,,,,
7,,,,,,,,,
8,,,,,,,,,
9,0.05706193572459105,1.0824045756839964,0.9981183746644172,0.05706193572459105,1.0824045756839964,0.9981183746644172,0.05706193572459105,1.0824045756839964,0.9981183746644172
