,mae,var,ppmc,mae_lower,var_lower,ppmc_lower,mae_upper,var_upper,ppmc_upper
0,,,,,,,,,
1,,,,,,,,,
2,,,,,,,,,
3,,,,,,,,,
4,,,,,,,,,
5,,,,,,,,,
6,,,,,,,,,
7,,,,,,,,,
8,,,,,,,,,
9,0.07091423430369984,1.0013602801023653,0.9985571047141725,0.07091423430369984,1.0013602801023653,0.9985571047141725,0.07091423430369984,1.0013602801023653,0.9985571047141725
