,mae,var,ppmc,mae_lower,var_lower,ppmc_lower,mae_upper,var_upper,ppmc_upper
0,,,,,,,,,
1,,,,,,,,,
2,,,,,,,,,
3,,,,,,,,,
4,,,,,,,,,
5,,,,,,,,,
6,,,,,,,,,
7,,,,,,,,,
8,,,,,,,,,
9,0.06819487370579912,1.0367726854792059,0.9987457498454365,0.06819487370579912,1.0367726854792059,0.9987457498454365,0.06819487370579912,1.0367726854792059,0.9987457498454365
