,mae,var,ppmc,mae_lower,var_lower,ppmc_lower,mae_upper,var_upper,ppmc_upper
0,,,,,,,,,
1,,,,,,,,,
2,,,,,,,,,
3,,,,,,,,,
4,,,,,,,,,
5,,,,,,,,,
6,,,,,,,,,
7,,,,,,,,,
8,,,,,,,,,
9,0.06194762389935326,1.1019693059211924,0.9966405330059542,0.06194762389935326,1.1019693059211924,0.9966405330059542,0.06194762389935326,1.1019693059211924,0.9966405330059542
