,mae,var,ppmc,mae_lower,var_lower,ppmc_lower,mae_upper,var_upper,ppmc_upper
0,,,,,,,,,
1,,,,,,,,,
2,,,,,,,,,
3,,,,,,,,,
4,,,,,,,,,
5,,,,,,,,,
6,,,,,,,,,
7,,,,,,,,,
8,,,,,,,,,
9,0.06620444946880741,0.9577995454261723,0.9975036463303587,0.06620444946880741,0.9577995454261723,0.9975036463303587,0.06620444946880741,0.9577995454261723,0.9975036463303587
