,mae,var,ppmc,mae_lower,var_lower,ppmc_lower,mae_upper,var_upper,ppmc_upper
0,,,,,,,,,
1,,,,,,,,,
2,,,,,,,,,
3,,,,,,,,,
4,,,,,,,,,
5,,,,,,,,,
6,,,,,,,,,
7,,,,,,,,,
8,,,,,,,,,
9,0.0680660928564047,1.2170143382735326,0.9975392421539232,0.0680660928564047,1.2170143382735326,0.9975392421539232,0.0680660928564047,1.2170143382735326,0.9975392421539232
