,mae,var,ppmc,mae_lower,var_lower,ppmc_lower,mae_upper,var_upper,ppmc_upper
0,,,,,,,,,
1,,,,,,,,,
2,,,,,,,,,
3,,,,,,,,,
4,,,,,,,,,
5,,,,,,,,,
6,,,,,,,,,
7,,,,,,,,,
8,,,,,,,,,
9,0.06256556478904855,1.1075745949456315,0.9993211297219963,0.06256556478904855,1.1075745949456315,0.9993211297219963,0.06256556478904855,1.1075745949456315,0.9993211297219963
