,mae,var,ppmc,mae_lower,var_lower,ppmc_lower,mae_upper,var_upper,ppmc_upper
0,,,,,,,,,
1,,,,,,,,,
2,,,,,,,,,
3,,,,,,,,,
4,,,,,,,,,
5,,,,,,,,,
6,,,,,,,,,
7,,,,,,,,,
8,,,,,,,,,
9,0.06881765022312977,1.0722126021156275,0.9980400639022503,0.06881765022312977,1.0722126021156275,0.9980400639022503,0.06881765022312977,1.0722126021156275,0.9980400639022503
