,mae,var,ppmc,mae_lower,var_lower,ppmc_lower,mae_upper,var_upper,ppmc_upper
0,,,,,,,,,
1,,,,,,,,,
2,,,,,,,,,
3,,,,,,,,,
4,,,,,,,,,
5,,,,,,,,,
6,,,,,,,,,
7,,,,,,,,,
8,,,,,,,,,
9,0.040414599348910354,0.91729582664085,0.9999137656206839,0.040414599348910354,0.91729582664085,0.9999137656206839,0.040414599348910354,0.91729582664085,0.9999137656206839
