,mae,var,ppmc,mae_lower,var_lower,ppmc_lower,mae_upper,var_upper,ppmc_upper
0,,,,,,,,,
1,,,,,,,,,
2,,,,,,,,,
3,,,,,,,,,
4,,,,,,,,,
5,,,,,,,,,
6,,,,,,,,,
7,,,,,,,,,
8,,,,,,,,,
9,0.04299070903511791,0.9241160711761107,0.9999422028870382,0.04299070903511791,0.9241160711761107,0.9999422028870382,0.04299070903511791,0.9241160711761107,0.9999422028870382
