,mae,var,ppmc,mae_lower,var_lower,ppmc_lower,mae_upper,var_upper,ppmc_upper
0,,,,,,,,,
1,,,,,,,,,
2,,,,,,,,,
3,,,,,,,,,
4,,,,,,,,,
5,,,,,,,,,
6,,,,,,,,,
7,,,,,,,,,
8,,,,,,,,,
9,0.04214805970856919,0.9231426251686201,0.9998685242720713,0.04214805970856919,0.9231426251686201,0.9998685242720713,0.04214805970856919,0.9231426251686201,0.9998685242720713
