,mae,var,ppmc,mae_lower,var_lower,ppmc_lower,mae_upper,var_upper,ppmc_upper
0,,,,,,,,,
1,,,,,,,,,
2,,,,,,,,,
3,,,,,,,,,
4,,,,,,,,,
5,,,,,,,,,
6,,,,,,,,,
7,,,,,,,,,
8,,,,,,,,,
9,0.04105672202730637,0.9279307348036684,0.9999632085159323,0.04105672202730637,0.9279307348036684,0.9999632085159323,0.04105672202730637,0.9279307348036684,0.9999632085159323
