,mae,var,ppmc,mae_lower,var_lower,ppmc_lower,mae_upper,var_upper,ppmc_upper
0,,,,,,,,,
1,,,,,,,,,
2,,,,,,,,,
3,,,,,,,,,
4,,,,,,,,,
5,,,,,,,,,
6,,,,,,,,,
7,,,,,,,,,
8,,,,,,,,,
9,0.01857535623703191,1.0360409549551368,0.9997133684675465,0.01857535623703191,1.0360409549551368,0.9997133684675465,0.01857535623703191,1.0360409549551368,0.9997133684675465
