,mae,var,ppmc,mae_lower,var_lower,ppmc_lower,mae_upper,var_upper,ppmc_upper
0,,,,,,,,,
1,,,,,,,,,
2,,,,,,,,,
3,,,,,,,,,
4,,,,,,,,,
5,,,,,,,,,
6,,,,,,,,,
7,,,,,,,,,
8,,,,,,,,,
9,0.01749407165996166,1.000618762354755,0.9997577530947522,0.01749407165996166,1.000618762354755,0.9997577530947522,0.01749407165996166,1.000618762354755,0.9997577530947522
