,mae,var,ppmc,mae_lower,var_lower,ppmc_lower,mae_upper,var_upper,ppmc_upper
0,,,,,,,,,
1,,,,,,,,,
2,,,,,,,,,
3,,,,,,,,,
4,,,,,,,,,
5,,,,,,,,,
6,,,,,,,,,
7,,,,,,,,,
8,,,,,,,,,
9,0.016967688090757386,1.0340581966052438,0.9999461544140187,0.016967688090757386,1.0340581966052438,0.9999461544140187,0.016967688090757386,1.0340581966052438,0.9999461544140187
