,mae,var,ppmc,mae_lower,var_lower,ppmc_lower,mae_upper,var_upper,ppmc_upper
0,,,,,,,,,
1,,,,,,,,,
2,,,,,,,,,
3,,,,,,,,,
4,,,,,,,,,
5,,,,,,,,,
6,,,,,,,,,
7,,,,,,,,,
8,,,,,,,,,
9,0.018184099773021264,1.0376660942467029,0.9999587201846603,0.018184099773021264,1.0376660942467029,0.9999587201846603,0.018184099773021264,1.0376660942467029,0.9999587201846603
