,mae,var,ppmc,mae_lower,var_lower,ppmc_lower,mae_upper,var_upper,ppmc_upper
0,,,,,,,,,
1,,,,,,,,,
2,,,,,,,,,
3,,,,,,,,,
4,,,,,,,,,
5,,,,,,,,,
6,,,,,,,,,
7,,,,,,,,,
8,,,,,,,,,
9,0.017893771202785135,1.032304664619139,0.9998900171464349,0.017893771202785135,1.032304664619139,0.9998900171464349,0.017893771202785135,1.032304664619139,0.9998900171464349
