,mae,var,ppmc,mae_lower,var_lower,ppmc_lower,mae_upper,var_upper,ppmc_upper
0,,,,,,,,,
1,,,,,,,,,
2,,,,,,,,,
3,,,,,,,,,
4,,,,,,,,,
5,,,,,,,,,
6,,,,,,,,,
7,,,,,,,,,
8,,,,,,,,,
9,0.25038801261086596,0.5304051020784896,0.9957698539501809,0.25038801261086596,0.5304051020784896,0.9957698539501809,0.25038801261086596,0.5304051020784896,0.9957698539501809
