,mae,var,ppmc,mae_lower,var_lower,ppmc_lower,mae_upper,var_upper,ppmc_upper
0,,,,,,,,,
1,,,,,,,,,
2,,,,,,,,,
3,,,,,,,,,
4,,,,,,,,,
5,,,,,,,,,
6,,,,,,,,,
7,,,,,,,,,
8,,,,,,,,,
9,0.29078672235089087,1.572691812727698,0.9957698539501808,0.29078672235089087,1.572691812727698,0.9957698539501808,0.29078672235089087,1.572691812727698,0.9957698539501808
