,mae,var,ppmc,mae_lower,var_lower,ppmc_lower,mae_upper,var_upper,ppmc_upper
0,,,,,,,,,
1,,,,,,,,,
2,,,,,,,,,
3,,,,,,,,,
4,,,,,,,,,
5,,,,,,,,,
6,,,,,,,,,
7,,,,,,,,,
8,,,,,,,,,
9,0.3505401719536694,1.9709132573350527,0.9965405536472532,0.3505401719536694,1.9709132573350527,0.9965405536472532,0.3505401719536694,1.9709132573350527,0.9965405536472532
