,mae,var,ppmc,mae_lower,var_lower,ppmc_lower,mae_upper,var_upper,ppmc_upper
0,,,,,,,,,
1,,,,,,,,,
2,,,,,,,,,
3,,,,,,,,,
4,,,,,,,,,
5,,,,,,,,,
6,,,,,,,,,
7,,,,,,,,,
8,,,,,,,,,
9,0.3231526774107948,1.7976142985787074,0.997468843624949,0.3231526774107948,1.7976142985787074,0.997468843624949,0.3231526774107948,1.7976142985787074,0.997468843624949
