,mae,var,ppmc,mae_lower,var_lower,ppmc_lower,mae_upper,var_upper,ppmc_upper
0,,,,,,,,,
1,,,,,,,,,
2,,,,,,,,,
3,,,,,,,,,
4,,,,,,,,,
5,,,,,,,,,
6,,,,,,,,,
7,,,,,,,,,
8,,,,,,,,,
9,0.016624888983963564,0.9665493047821548,0.999757753094752,0.016624888983963564,0.9665493047821548,0.999757753094752,0.016624888983963564,0.9665493047821548,0.999757753094752
