,mae,var,ppmc,mae_lower,var_lower,ppmc_lower,mae_upper,var_upper,ppmc_upper
0,,,,,,,,,
1,,,,,,,,,
2,,,,,,,,,
3,,,,,,,,,
4,,,,,,,,,
5,,,,,,,,,
6,,,,,,,,,
7,,,,,,,,,
8,,,,,,,,,
9,0.012416026722852582,0.9971563530979028,0.9998900171464348,0.012416026722852582,0.9971563530979028,0.9998900171464348,0.012416026722852582,0.9971563530979028,0.9998900171464348
