,mae,var,ppmc,mae_lower,var_lower,ppmc_lower,mae_upper,var_upper,ppmc_upper
0,,,,,,,,,
1,,,,,,,,,
2,,,,,,,,,
3,,,,,,,,,
4,,,,,,,,,
5,,,,,,,,,
6,,,,,,,,,
7,,,,,,,,,
8,,,,,,,,,
9,0.187097574650599,1.6161604976261719,0.9947485253826721,0.187097574650599,1.6161604976261719,0.9947485253826721,0.187097574650599,1.6161604976261719,0.9947485253826721
