,mae,var,ppmc,mae_lower,var_lower,ppmc_lower,mae_upper,var_upper,ppmc_upper
0,,,,,,,,,
1,,,,,,,,,
2,,,,,,,,,
3,,,,,,,,,
4,,,,,,,,,
5,,,,,,,,,
6,,,,,,,,,
7,,,,,,,,,
8,,,,,,,,,
9,0.1823640330154674,1.34631714520173,0.994877368301792,0.1823640330154674,1.34631714520173,0.994877368301792,0.1823640330154674,1.34631714520173,0.994877368301792
