,mae,var,ppmc,mae_lower,var_lower,ppmc_lower,mae_upper,var_upper,ppmc_upper
0,,,,,,,,,
1,,,,,,,,,
2,,,,,,,,,
3,,,,,,,,,
4,,,,,,,,,
5,,,,,,,,,
6,,,,,,,,,
7,,,,,,,,,
8,,,,,,,,,
9,0.017860747290085365,0.9889039251258522,0.9999508899163491,0.017860747290085365,0.9889039251258522,0.9999508899163491,0.017860747290085365,0.9889039251258522,0.9999508899163491
