,mae,var,ppmc,mae_lower,var_lower,ppmc_lower,mae_upper,var_upper,ppmc_upper
0,,,,,,,,,
1,,,,,,,,,
2,,,,,,,,,
3,,,,,,,,,
4,,,,,,,,,
5,,,,,,,,,
6,,,,,,,,,
7,,,,,,,,,
8,,,,,,,,,
9,0.018703478112126554,0.998524230142982,0.9998315101756844,0.018703478112126554,0.998524230142982,0.9998315101756844,0.018703478112126554,0.998524230142982,0.9998315101756844
