,mae,var,ppmc,mae_lower,var_lower,ppmc_lower,mae_upper,var_upper,ppmc_upper
0,,,,,,,,,
1,,,,,,,,,
2,,,,,,,,,
3,,,,,,,,,
4,,,,,,,,,
5,,,,,,,,,
6,,,,,,,,,
7,,,,,,,,,
8,,,,,,,,,
9,0.015282631917416222,0.978177331611734,0.9998569665154005,0.015282631917416222,0.978177331611734,0.9998569665154005,0.015282631917416222,0.978177331611734,0.9998569665154005
