,mae,var,ppmc,mae_lower,var_lower,ppmc_lower,mae_upper,var_upper,ppmc_upper
0,,,,,,,,,
1,,,,,,,,,
2,,,,,,,,,
3,,,,,,,,,
4,,,,,,,,,
5,,,,,,,,,
6,,,,,,,,,
7,,,,,,,,,
8,,,,,,,,,
9,0.013284249312827043,1.016977784976835,0.9998929190018903,0.013284249312827043,1.016977784976835,0.9998929190018903,0.013284249312827043,1.016977784976835,0.9998929190018903
