,mae,var,ppmc,mae_lower,var_lower,ppmc_lower,mae_upper,var_upper,ppmc_upper
0,,,,,,,,,
1,,,,,,,,,
2,,,,,,,,,
3,,,,,,,,,
4,,,,,,,,,
5,,,,,,,,,
6,,,,,,,,,
7,,,,,,,,,
8,,,,,,,,,
9,0.015303021066045799,1.0246829212241622,0.999946159009473,0.015303021066045799,1.0246829212241622,0.999946159009473,0.015303021066045799,1.0246829212241622,0.999946159009473
