,mae,var,ppmc,mae_lower,var_lower,ppmc_lower,mae_upper,var_upper,ppmc_upper
0,,,,,,,,,
1,,,,,,,,,
2,,,,,,,,,
3,,,,,,,,,
4,,,,,,,,,
5,,,,,,,,,
6,,,,,,,,,
7,,,,,,,,,
8,,,,,,,,,
9,0.07314111246281184,0.7854986405033179,0.9991842460391516,0.07314111246281184,0.7854986405033179,0.9991842460391516,0.07314111246281184,0.7854986405033179,0.9991842460391516
