,mae,var,ppmc,mae_lower,var_lower,ppmc_lower,mae_upper,var_upper,ppmc_upper
0,,,,,,,,,
1,,,,,,,,,
2,,,,,,,,,
3,,,,,,,,,
4,,,,,,,,,
5,,,,,,,,,
6,,,,,,,,,
7,,,,,,,,,
8,,,,,,,,,
9,0.06703446706477872,0.8215317744165198,0.9974158634447798,0.06703446706477872,0.8215317744165198,0.9974158634447798,0.06703446706477872,0.8215317744165198,0.9974158634447798
