,mae,var,ppmc,mae_lower,var_lower,ppmc_lower,mae_upper,var_upper,ppmc_upper
0,,,,,,,,,
1,,,,,,,,,
2,,,,,,,,,
3,,,,,,,,,
4,,,,,,,,,
5,,,,,,,,,
6,,,,,,,,,
7,,,,,,,,,
8,,,,,,,,,
9,0.012862811889850221,0.9958700165379758,0.9999241632593967,0.012862811889850221,0.9958700165379758,0.9999241632593967,0.012862811889850221,0.9958700165379758,0.9999241632593967
