,mae,var,ppmc,mae_lower,var_lower,ppmc_lower,mae_upper,var_upper,ppmc_upper
0,,,,,,,,,
1,,,,,,,,,
2,,,,,,,,,
3,,,,,,,,,
4,,,,,,,,,
5,,,,,,,,,
6,,,,,,,,,
7,,,,,,,,,
8,,,,,,,,,
9,0.04303814462133707,1.1108371861735946,0.9998620948132227,0.04303814462133707,1.1108371861735946,0.9998620948132227,0.04303814462133707,1.1108371861735946,0.9998620948132227
