,mae,var,ppmc,mae_lower,var_lower,ppmc_lower,mae_upper,var_upper,ppmc_upper
0,,,,,,,,,
1,,,,,,,,,
2,,,,,,,,,
3,,,,,,,,,
4,,,,,,,,,
5,,,,,,,,,
6,,,,,,,,,
7,,,,,,,,,
8,,,,,,,,,
9,0.04357172189233752,1.1046025607537313,0.9999058591896441,0.04357172189233752,1.1046025607537313,0.9999058591896441,0.04357172189233752,1.1046025607537313,0.9999058591896441
