,mae,var,ppmc,mae_lower,var_lower,ppmc_lower,mae_upper,var_upper,ppmc_upper
0,,,,,,,,,
1,,,,,,,,,
2,,,,,,,,,
3,,,,,,,,,
4,,,,,,,,,
5,,,,,,,,,
6,,,,,,,,,
7,,,,,,,,,
8,,,,,,,,,
9,0.042221532486288925,1.1049079755353322,0.9999342791700984,0.042221532486288925,1.1049079755353322,0.9999342791700984,0.042221532486288925,1.1049079755353322,0.9999342791700984
